ID,Volume Fraction,Number of inclusions,Mean (Normalized),Std Deviation (Normalized),Aspect Ratio,Thermal Conductivity,Dielectric constant,Hyper elastic parameter
2,0.1968,12,0.37,0.07,2.8299,0.530665,7.416923,241.8
3,0.0977,11,0.21,0.04,1.251,0.398369,6.057783,261.1
4,0.1901,12,0.01,0.13,2.9024,0.518417,7.322267,249.9
5,0.1163,11,0.36,0.05,1.8492,0.423501,6.31204,259.9
8,0.1533,12,0.37,0.11,1.192,0.464671,6.7783,252.5
9,0.0678,11,0.21,0.01,2.1093,0.359083,5.677063,269.6
11,0.1338,11,0.17,0.01,1.4911,0.436636,6.51288,253.7
12,0.0125,10,0.15,0.01,2.0726,0.301533,5.035403,281
13,0.066,11,0.17,0.01,2.5375,0.358021,5.660623,270.3
14,0.1609,12,0.25,0.01,1.537,0.471348,6.880743,250
15,0.1674,12,0.36,0.03,2.0615,0.487274,7.002607,251.2
16,0.0528,11,0.21,0.02,1.0693,0.339709,5.483133,272.6
17,0.0839,11,0.29,0.02,2.2385,0.383005,5.8929,266.7
19,0.0921,11,0.25,0.06,2.6409,0.38927,5.985877,265.9
20,0.1127,11,0.3,0,1.5315,0.406955,6.223513,260
21,0.0633,11,0.24,0,1.8498,0.354764,5.626997,270.2
22,0.0731,11,0.18,0.1,1.5436,0.36628,5.743923,266.6
23,0.051,11,0.32,0.06,1.9788,0.340151,5.474107,272.7
25,0.0224,10,0.16,0.02,2.2915,0.310818,5.143693,278.7
26,0.1152,11,0.3,0.02,1.9859,0.41259,6.267173,259.5
27,0.1366,11,0.21,0.02,2.7808,0.442681,6.555153,255.4
28,0.182,12,0.39,0.09,2.396,0.526745,7.24781,239.6
30,0.1575,12,0.18,0.16,1.8437,0.470537,6.848507,243.6
32,0.0335,10,0.15,0,2.9719,0.32179,5.268247,276.6
33,0.0966,11,0.08,0.07,2.0661,0.397896,6.041643,261.3
35,0.1947,12,0.4,0.11,2.0513,0.529536,7.397763,241.7
37,0.1219,11,0.29,0.01,2.3397,0.417465,6.336603,258.5
39,0.1945,12,0.34,0.01,2.3409,0.535084,7.408847,245.8
40,0.1626,12,0.25,0.02,2.6097,0.473478,6.895043,239.6
42,0.0136,10,0.15,0,1.2587,0.302231,5.045627,281
43,0.0487,10,0.33,0.03,2.1042,0.336449,5.439903,273.5
45,0.0328,10,0.08,0.03,1.9094,0.320427,5.257923,276.6
46,0.097,11,0.21,0,2.5026,0.389076,6.022517,262.7
47,0.1904,12,0.26,0.05,1.6714,0.534515,7.355173,244.4
48,0.0213,10,0.11,0.02,2.9782,0.309816,5.131227,278.7
49,0.0863,11,0.38,0.03,1.0552,0.376674,5.889777,265.8
51,0.0734,11,0.26,0.01,2.4673,0.368125,5.751587,267.6
52,0.095,11,0.31,0.09,1.1632,0.38636,5.99857,262.6
54,0.0706,11,0.25,0,2.3467,0.361278,5.706403,267.2
55,0.1133,11,0.28,0,2.2175,0.4132,6.250353,258.6
56,0.0621,11,0.3,0.02,1.501,0.349639,5.594937,270.8
57,0.1507,12,0.35,0.01,1.159,0.453838,6.7246,251.8
59,0.13,11,0.36,0.02,1.2759,0.439367,6.476173,254.9
60,0.0336,10,0.21,0.02,2.0628,0.321299,5.267277,276.4
61,0.0962,11,0.27,0.01,2.9734,0.387234,6.00716,262.2
62,0.0726,11,0.25,0.02,2.1039,0.360911,5.718997,267.5
65,0.1381,11,0.32,0.03,1.6191,0.445237,6.576733,253.5
66,0.1941,12,0.29,0,2.4575,0.521056,7.3653,239.4
67,0.0238,10,0.19,0.01,2.0419,0.312082,5.159067,278.6
68,0.1658,12,0.32,0.01,2.3809,0.486839,6.974443,249.2
69,0.1207,11,0.29,0.12,2.2612,0.425796,6.36565,256.8
70,0.1605,12,0.42,0.07,2.0924,0.473563,6.889337,250.5
71,0.0423,10,0.22,0.05,1.3904,0.329292,5.363657,274.5
72,0.1979,12,0.38,0.01,1.2322,0.522077,7.407563,240.9
74,0.1009,11,0.31,0.01,1.5893,0.396063,6.076277,262.1
77,0.1242,11,0.29,0,1.7366,0.424171,6.383357,256.1
79,0.1655,12,0.26,0.04,2.8516,0.499455,7.021273,246.2
80,0.1591,12,0.35,0.01,1.132,0.471138,6.85758,252.1
81,0.0417,10,0.05,0.04,2.3028,0.334715,5.374877,274
84,0.1194,11,0.14,0.1,2.1244,0.422815,6.34239,255.6
85,0.088,11,0.22,0,2.4026,0.389472,5.94642,264
86,0.1814,12,0.34,0.03,1.674,0.508515,7.19842,248.5
87,0.1038,11,0.24,0.01,2.7215,0.403663,6.13761,258.3
89,0.123,11,0.4,0.03,2.0348,0.42877,6.391507,257.8
90,0.1662,12,0.17,0.06,2.0382,0.500401,7.007887,246.8
91,0.1156,11,0.3,0.01,1.5657,0.4116,6.265687,258.1
92,0.0863,11,0.2,0.03,2.8391,0.379153,5.89973,264.7
93,0.0562,11,0.22,0.01,2.4085,0.346708,5.538647,270.5
94,0.1369,11,0.28,0,2.0448,0.441429,6.559947,254
95,0.174,12,0.27,0,1.3338,0.496372,7.07877,246.3
97,0.025,10,0.19,0,1.607,0.312915,5.171113,278.4
98,0.0601,11,0.37,0.06,1.991,0.348902,5.576633,271.1
100,0.1818,12,0.13,0.06,2.6085,0.526839,7.247613,250.3
101,0.1968,12,0.37,0.02,2.1237,0.548078,7.49008,231.3
103,0.1431,11,0.35,0.18,1.3292,0.451423,6.641027,253.2
104,0.1022,11,0.32,0.02,1.7812,0.396477,6.096763,261.6
105,0.1268,11,0.26,0.02,2.4992,0.429108,6.420823,256.6
106,0.0281,10,0.18,0.01,1.5204,0.315851,5.205723,277.5
107,0.0679,11,0.37,0.03,2.8058,0.357395,5.66829,269.3
108,0.0207,10,0.27,0.02,1.2015,0.309385,5.12507,279.2
109,0.087,11,0.15,0.05,1.7773,0.378647,5.90438,266.4
110,0.1736,12,0.19,0.05,1.0487,0.496113,7.08559,247.5
112,0.0782,11,0.29,0.02,2.6622,0.372039,5.80404,266.6
113,0.0834,11,0.22,0.05,1.3589,0.37223,5.845607,263.4
115,0.0939,11,0.26,0.01,2.761,0.394618,6.014697,264.8
116,0.0529,11,0.41,0.03,1.6192,0.340492,5.488733,272.4
117,0.0752,11,0.27,0.09,2.4702,0.368107,5.768793,266.1
118,0.0796,11,0.12,0.03,1.9306,0.372499,5.821913,265.1
119,0.1392,11,0.24,0.02,2.2907,0.44858,6.593213,252.4
121,0.0967,11,0.21,0.08,1.1967,0.389429,6.026097,259.9
122,0.1174,11,0.27,0.02,2.6781,0.417748,6.300137,257
123,0.0861,11,0.24,0,2.2443,0.37864,5.895957,264
124,0.056,11,0.15,0.02,2.0475,0.344847,5.529027,271.1
125,0.1374,11,0.23,0.05,2.4064,0.444715,6.577867,251.7
126,0.1212,11,0.39,0.03,1.3927,0.426984,6.355247,258.2
127,0.0224,10,0.2,0.01,2.9965,0.310951,5.14386,278.7
128,0.0874,11,0.27,0.02,2.6911,0.378781,5.906097,265.2
129,0.1448,11,0.18,0.04,1.9253,0.452338,6.667577,250
130,0.1819,12,0.37,0.01,1.386,0.506611,7.190647,246
133,0.0896,11,0.28,0,1.9474,0.384993,5.946867,263.8
135,0.1162,11,0.38,0.02,1.2781,0.409409,6.259153,257.4
136,0.1202,11,0.34,0.04,2.4902,0.424456,6.351693,259.5
138,0.0258,10,0.14,0,1.9187,0.314016,5.18156,278.5
139,0.0738,11,0.25,0,1.712,0.366112,5.751907,267.9
140,0.0126,10,0.27,0.03,1.4819,0.301422,5.035507,281
141,0.0213,10,0.08,0.06,1.0588,0.309028,5.127713,278.7
142,0.1054,11,0.21,0.01,2.9268,0.409124,6.167263,260.4
143,0.1849,12,0.27,0.01,2.7583,0.536112,7.312103,247.5
144,0.0881,11,0.28,0.02,1.8776,0.378735,5.912687,262.9
145,0.1815,12,0.33,0,1.0464,0.501374,7.17816,244.4
146,0.0672,11,0.12,0.04,2.4964,0.35888,5.668167,268.5
147,0.1669,12,0.36,0.03,1.3826,0.476694,6.953543,243.5
150,0.1791,12,0.29,0,2.5927,0.512642,7.185367,248.6
151,0.1982,12,0.25,0.05,2.1395,0.544435,7.477713,242.1
152,0.0839,11,0.35,0.04,1.6671,0.374389,5.86363,263.8
153,0.1707,12,0.33,0.06,1.034,0.487608,7.027903,245.5
154,0.1603,12,0.37,0.02,1.4333,0.477711,6.894793,249.9
155,0.0426,10,0.11,0.05,2.1376,0.330491,5.37065,274.5
156,0.0511,11,0.09,0.06,1.3097,0.337641,5.460907,272
158,0.1777,12,0.34,0.06,1.9977,0.498044,7.129927,242.9
159,0.1262,11,0.14,0.06,2.4756,0.428304,6.420357,253.8
161,0.0505,11,0.15,0,2.9472,0.342807,5.477367,272.2
162,0.1499,11,0.18,0.03,2.1392,0.462748,6.741413,242.9
164,0.128,11,0.32,0.05,1.7937,0.42606,6.424567,257.2
165,0.0872,11,0.17,0.02,2.3484,0.380927,5.914303,264.4
166,0.1453,11,0.31,0.02,2.5012,0.458702,6.691243,248.6
167,0.1082,11,0.2,0.02,1.6371,0.403362,6.173453,258.5
168,0.1798,12,0.32,0.01,2.3264,0.510068,7.19478,239.1
169,0.1701,12,0.31,0.19,1.3972,0.481614,7.002467,240.9
170,0.1169,11,0.26,0.01,2.9758,0.419885,6.29793,255.6
171,0.1335,11,0.22,0.04,1.869,0.441821,6.534043,250
172,0.0555,11,0.19,0.01,2.3455,0.345172,5.527043,271.4
173,0.1379,11,0.11,0.06,2.7044,0.439669,6.55707,252.4
174,0.1145,11,0.33,0.02,1.8469,0.410457,6.250867,256.7
175,0.1839,12,0.38,0.03,1.331,0.508052,7.212873,241.5
177,0.0448,10,0.29,0.03,2.7425,0.333381,5.39879,273.6
178,0.0489,10,0.27,0.02,1.4546,0.336667,5.443677,273.1
179,0.1357,11,0.32,0.01,1.5279,0.445088,6.545677,252.7
181,0.0892,11,0.25,0,1.4537,0.37817,5.918427,266.1
182,0.1805,12,0.3,0.02,2.6416,0.499862,7.160473,248.2
183,0.1051,11,0.3,0.01,1.125,0.397821,6.12458,262.4
184,0.086,11,0.23,0.02,2.9743,0.376065,5.88194,266.3
185,0.0559,11,0.06,0.05,2.548,0.344396,5.526517,270.1
186,0.1372,11,0.25,0,1.8765,0.438799,6.55007,255.2
187,0.0954,11,0.34,0.1,2.0713,0.388691,6.010453,262.6
188,0.1152,11,0.26,0,1.608,0.410513,6.25703,259.1
190,0.0583,11,0.16,0.02,0.9691,0.337164,5.543806,272.9
191,0.1543,12,0.21,0.02,2.3506,0.465451,6.79949,248.5
192,0.0269,10,0.2,0.01,1.3258,0.314435,5.190413,278.3
193,0.1615,12,0.31,0,2.2497,0.476147,6.90719,248.9
194,0.0875,11,0.26,0.03,1.9216,0.379813,5.912973,264.7
195,0.1966,12,0.4,0.03,1.3874,0.535353,7.43494,245.8
196,0.0667,11,0.35,0.04,2.5404,0.357586,5.662223,269.1
198,0.0361,10,0.18,0.02,2.9559,0.324679,5.29897,275.6
200,0.0597,11,0.3,0.02,1.7413,0.348048,5.570973,270.9
201,0.1204,11,0.19,0.03,2.3165,0.424908,6.344777,258.5
202,0.1599,12,0.29,0.06,1.9204,0.469207,6.864787,251.2
203,0.0472,10,0.23,0.01,2.8163,0.337058,5.430927,273.1
204,0.0152,10,0.13,0.01,1.8448,0.30389,5.063973,279.8
205,0.1788,12,0.39,0.02,1.3568,0.50051,7.14756,246.4
206,0.0576,11,0.18,0.01,1.4108,0.344964,5.541197,271.4
207,0.0262,10,0.25,0.02,1.064,0.313744,5.182497,277.5
208,0.1608,12,0.27,0.01,2.6718,0.49634,6.945203,249.8
209,0.0674,11,0.31,0.03,2.3519,0.356773,5.664223,268.4
211,0.1461,11,0.28,0.03,2.6698,0.454324,6.688753,253.5
212,0.1385,11,0.38,0.03,2.2878,0.456699,6.61461,252.3
213,0.0157,10,0.02,0.09,0.982,0.303991,5.067547,279.8
214,0.0715,11,0.3,0.01,1.1342,0.359667,5.707337,268.5
215,0.1712,12,0.21,0,2.5995,0.500256,7.084267,241.2
216,0.1208,11,0.24,0.02,1.6119,0.421839,6.348707,255.8
217,0.1602,12,0.37,0.02,1.5014,0.485345,6.894917,240.4
218,0.0428,10,0.14,0.04,2.0494,0.330637,5.37301,274.7
219,0.1415,11,0.26,0.01,1.7288,0.455092,6.655233,251.2
220,0.0132,10,0.05,0.04,2.674,0.302238,5.042903,281
221,0.1541,12,0.4,0.04,1.4425,0.46616,6.80467,244.8
222,0.1132,11,0.18,0.03,2.2906,0.411029,6.241853,258.1
223,0.1664,12,0.33,0.07,2.6918,0.49734,7.002547,245.5
224,0.0165,10,0.17,0.02,1.3993,0.305075,5.078197,279.8
225,0.1719,12,0.2,0.03,2.3329,0.497267,7.08193,246.4
226,0.1506,12,0.23,0.06,1.3984,0.458922,6.739477,253
228,0.1125,11,0.24,0,2.6754,0.408758,6.225573,261
229,0.0471,10,0.24,0.02,2.0015,0.335133,5.42358,274.4
230,0.1013,11,0.21,0.04,1.581,0.395672,6.08909,261.9
234,0.1286,11,0.34,0.02,1.1095,0.425655,6.42648,255.2
235,0.0345,10,0.21,0.02,2.5422,0.322804,5.2805,275.9
236,0.1462,11,0.28,0,1.7814,0.449188,6.66874,252.5
238,0.0939,11,0.16,0.03,2.4346,0.385645,5.984797,264.4
239,0.1115,11,0.29,0.05,1.0827,0.404016,6.19393,260.3
240,0.0534,11,0.12,0.07,1.8506,0.343363,5.50406,271
241,0.1534,12,0.24,0.03,2.6002,0.470325,6.801467,247.8
243,0.0634,11,0.26,0.03,2.7212,0.354686,5.622457,269.5
245,0.1212,11,0.22,0,2.4136,0.423589,6.357563,250.8
247,0.0914,11,0.22,0,1.6109,0.383686,5.96086,261
248,0.0602,11,0.27,0.01,1.4098,0.347329,5.57019,271
249,0.1964,12,0.45,0.07,1.4744,0.523249,7.390037,242.2
250,0.0973,11,0.28,0.02,2.3917,0.394631,6.049313,262.2
251,0.0619,11,0.17,0.04,2.4939,0.35397,5.60726,269.8
252,0.1426,11,0.23,0.03,1.9202,0.454291,6.657007,247.2
253,0.0143,10,0.11,0.01,0.9897,0.30275,5.052413,279.8
255,0.1551,12,0.13,0.08,2.6223,0.468716,6.816613,248.4
256,0.064,11,0.12,0.03,2.2995,0.352425,5.619347,270
257,0.0203,10,0.19,0.02,1.7726,0.308833,5.120827,278.7
258,0.0153,10,0.1,0,2.2254,0.304295,5.066633,279.8
259,0.0312,10,0.17,0.01,1.9162,0.319269,5.241983,276.5
260,0.1195,11,0.21,0.03,1.2717,0.413641,6.302787,257.4
261,0.0435,10,0.15,0.01,2.0668,0.331491,5.382043,274
262,0.063,11,0.24,0.02,2.5494,0.352406,5.612003,269.8
263,0.0673,11,0.11,0.12,1.5449,0.354789,5.65498,264.6
264,0.167,12,0.3,0.02,2.9701,0.492137,7.0097,243.2
265,0.0159,10,0.22,0.02,1.1307,0.30476,5.07193,279.8
266,0.1026,11,0.03,0.12,1.7699,0.395194,6.095567,260.5
267,0.1981,12,0.37,0.03,2.8361,0.546769,7.48271,244.4
268,0.0374,10,0.21,0.01,2.2642,0.326494,5.31414,276
269,0.0592,11,0.13,0.04,2.4244,0.348693,5.56905,271.8
271,0.1709,12,0.35,0.02,1.7351,0.496062,7.06024,251.9
273,0.0635,11,0.23,0.02,1.1334,0.35353,5.620097,270.2
274,0.1048,11,0.45,0.04,2.4754,0.404902,6.15066,260.4
275,0.1254,11,0.38,0.04,1.8063,0.423957,6.392597,257
277,0.1521,12,0.24,0.01,1.4878,0.456539,6.74796,250
278,0.106,11,0.34,0.05,1.211,0.399649,6.137393,262.4
279,0.124,11,0.24,0.01,2.4807,0.425196,6.38832,256.2
280,0.1666,12,0.34,0.02,1.9233,0.47643,6.94988,246.2
281,0.0719,11,0.3,0.09,1.6242,0.364362,5.73181,267.2
282,0.1507,12,0.29,0.03,2.2775,0.464535,6.76718,252.1
284,0.0594,11,0.27,0.01,1.2801,0.34595,5.558123,271
285,0.0186,10,0.28,0.04,1.6609,0.306965,5.100937,279.9
286,0.0537,11,0.22,0,2.0543,0.341554,5.498493,271.2
287,0.1531,12,0.29,0.01,2.3986,0.466118,6.794147,249.9
289,0.0102,10,0.1,0.02,2.1137,0.299427,5.010373,280.9
290,0.1249,11,0.22,0,2.9587,0.429532,6.404573,260.1
291,0.1088,11,0.28,0.01,2.3645,0.409779,6.204133,260.2
293,0.1322,11,0.53,0.07,1.0717,0.428996,6.469007,256.1
294,0.142,11,0.18,0.09,1.6145,0.451487,6.639127,251.5
295,0.1549,12,0.26,0.01,1.3147,0.460492,6.782597,251.4
296,0.1611,12,0.31,0.03,2.8301,0.471537,6.87971,249.2
298,0.0569,11,0.23,0.02,1.3474,0.344817,5.53462,270.5
300,0.0754,11,0.21,0,2.8008,0.365522,5.759033,265.9
301,0.0377,10,0.2,0.03,1.3108,0.325429,5.31449,275.7
303,0.0691,11,0.15,0.11,2.9993,0.358583,5.682133,269.5
305,0.0536,11,0.26,0.02,1.5127,0.341494,5.498057,272.3
306,0.1536,12,0.37,0.02,1.0757,0.470017,6.804963,249.2
307,0.1126,11,0.18,0.07,2.816,0.41166,6.23694,251.3
308,0.0308,10,0.21,0,1.402,0.318355,5.23492,276.7
310,0.1419,11,0.25,0,1.8528,0.44329,6.606483,253.4
312,0.1135,11,0.22,0.06,1.1253,0.407171,6.229867,260.1
315,0.1302,11,0.24,0.11,1.6907,0.428648,6.454373,256
316,0.1159,11,0.31,0.04,1.3157,0.412193,6.261777,257.4
317,0.0695,11,0.3,0.06,1.932,0.360052,5.69026,267.7
318,0.0289,10,0.21,0.02,1.1785,0.317373,5.216903,277.6
319,0.0771,11,0.29,0.01,1.5099,0.366729,5.77948,266.7
320,0.1338,11,0.29,0.07,2.955,0.437365,6.512983,255.3
321,0.109,11,0.14,0.03,2.7261,0.408351,6.19447,260.6
322,0.1424,11,0.48,0.05,2.5478,0.446489,6.62343,251.6
324,0.1871,12,0.41,0.02,1.196,0.521759,7.304403,247.8
325,0.1921,12,0.32,0.04,2.4057,0.521069,7.347143,243.8
326,0.0548,11,0.28,0.02,1.6286,0.344242,5.516787,272.2
327,0.1459,11,0.03,0.15,2.793,0.453244,6.68149,248.5
328,0.0114,10,0.13,0.01,1.218,0.300203,5.02175,281
329,0.1583,12,0.25,0.03,2.0912,0.471873,6.847717,249.1
330,0.1076,11,0.33,0.01,1.304,0.400194,6.151467,258.8
331,0.0901,11,0.27,0.02,2.8345,0.382205,5.93978,264.6
332,0.0614,11,0.17,0.01,2.4131,0.350214,5.59102,270
333,0.1432,11,0.16,0.01,2.0493,0.446765,6.633757,251.1
334,0.0184,10,0.07,0.06,2.2993,0.307024,5.099697,279.9
335,0.1801,12,0.2,0,2.0087,0.508632,7.19194,244.4
336,0.1684,12,0.04,0.16,2.9211,0.499474,7.047397,240
337,0.0149,10,0.23,0.02,1.7818,0.303771,5.061427,279.8
340,0.1562,12,0.32,0.01,1.1995,0.4649,6.817963,249.2
341,0.0389,10,0.15,0,2.3725,0.326973,5.329617,274.6
342,0.1913,12,0.55,0.05,2.2033,0.530644,7.362127,240.6
343,0.0546,11,0.2,0.01,1.8578,0.341909,5.505947,270.9
344,0.1034,11,0.22,0.02,1.8535,0.40062,6.117073,261.4
346,0.052,11,0.2,0.01,2.994,0.341247,5.484077,271.9
347,0.1836,12,0.35,0.05,2.5372,0.5373,7.279103,241.7
348,0.0618,11,0.15,0.05,1.081,0.349666,5.59163,271
349,0.1431,11,0.26,0.04,1.4985,0.451161,6.651923,248.8
350,0.0142,10,0.08,0,2.4284,0.303751,5.055583,281
351,0.1991,12,0.25,0,2.6568,0.53031,7.446823,226.5
352,0.1269,11,0.35,0.03,2.9841,0.43176,6.42208,255.1
353,0.0642,11,0.05,0.06,1.2724,0.350855,5.614337,269.3
354,0.1002,11,0.19,0.05,2.0695,0.392602,6.063223,263.2
356,0.0551,11,0.23,0.01,2.7487,0.34544,5.525203,271
357,0.0759,11,0.27,0.01,1.8654,0.371205,5.784417,266.4
359,0.0796,11,0.21,0.05,1.5061,0.370302,5.813957,261.7
360,0.0376,10,0.27,0.02,1.7925,0.326127,5.31741,274.3
361,0.018,10,0.12,0.01,2.5001,0.307132,5.09756,279.9
363,0.0779,11,0.29,0.11,1.2098,0.369929,5.79459,266.6
365,0.0424,10,0.19,0,2.6836,0.330397,5.36848,274.3
366,0.073,11,0.24,0.01,2.604,0.362449,5.728893,267.6
367,0.1316,11,0.28,0.04,1.7559,0.43133,6.4724,256.6
368,0.0355,10,0.11,0.04,1.5931,0.322718,5.28718,276
369,0.0626,11,0.25,0.02,1.1173,0.350709,5.604107,271
370,0.1243,11,0.24,0.05,2.943,0.426215,6.392473,257.5
371,0.0809,11,0.25,0,1.7735,0.372431,5.83235,266.8
372,0.0825,11,0.11,0.06,2.8043,0.378405,5.870027,265.4
373,0.1592,12,0.25,0.09,2.4146,0.472181,6.867113,248.5
374,0.0416,10,0.36,0.03,1.0877,0.328326,5.354093,274.9
375,0.1318,11,0.32,0.01,2.2265,0.434991,6.491493,254.8
376,0.0831,11,0.23,0,2.2983,0.373939,5.853733,265.5
378,0.0702,11,0.25,0.01,1.3936,0.358274,5.69141,268.3
379,0.076,11,0.21,0.02,2.9915,0.370823,5.784283,267.4
382,0.1155,11,0.27,0.07,2.7811,0.418642,6.29116,257.8
383,0.0591,11,0.29,0.02,2.1495,0.348936,5.57006,271.1
384,0.121,11,0.18,0.05,1.5739,0.423133,6.360907,256.6
385,0.1293,11,0.28,0.02,2.1594,0.429537,6.449197,254.8
387,0.1314,11,0.24,0.01,2.6632,0.440326,6.505803,258
388,0.1914,12,0.26,0.04,1.6837,0.514248,7.316163,244.4
389,0.1616,12,0.22,0.04,2.4824,0.478948,6.91265,249.9
390,0.1816,12,0.53,0.05,1.3142,0.502617,7.178377,244.8
391,0.1469,11,0.23,0,2.1121,0.46371,6.720557,250.3
393,0.072,11,0.3,0.01,1.084,0.359332,5.708827,268
394,0.1506,12,0.1,0.16,2.9886,0.469938,6.767047,233.1
396,0.1305,11,0.24,0.01,1.556,0.433042,6.473133,251.4
397,0.0365,10,0.12,0.03,1.7826,0.324849,5.302233,274.6
398,0.149,11,0.27,0.02,2.5458,0.458334,6.726413,251.2
399,0.1064,11,0.2,0,1.6596,0.408929,6.17025,261.4
400,0.1678,12,0.65,0.08,1.2615,0.485307,6.999907,245.8
401,0.0205,10,0.04,0.03,2.4081,0.309359,5.124233,278.7
402,0.0737,11,0.25,0.06,2.3476,0.367567,5.756103,268.5
403,0.1631,12,0.16,0.04,2.5523,0.482168,6.928077,245.3
404,0.1612,12,0.22,0.05,2.1241,0.473713,6.891323,245.5
405,0.0753,11,0.26,0.01,1.2523,0.363163,5.74998,268.6
407,0.0691,11,0.23,0.02,2.2893,0.368404,5.716713,266.2
409,0.1535,12,0.36,0.09,1.6147,0.462262,6.784117,251.2
410,0.1125,11,0.31,0.02,2.121,0.4113,6.24051,259.4
411,0.1093,11,0.13,0.03,2.9443,0.409713,6.199233,261.4
412,0.1412,11,0.3,0.02,2.0506,0.450924,6.622357,253.9
415,0.1282,11,0.31,0.01,1.177,0.432216,6.444523,254
416,0.1084,11,0.38,0.04,2.271,0.412114,6.20086,260.6
417,0.1113,11,0.22,0.01,1.1305,0.406731,6.21234,259.2
420,0.1204,11,0.26,0.01,1.2762,0.415226,6.316733,259.3
422,0.0681,11,0.2,0.03,1.5401,0.356274,5.66814,269.1
423,0.1481,11,0.34,0.05,2.215,0.459287,6.72577,250.3
425,0.1339,11,0.33,0.01,1.4763,0.450474,6.5544,254
426,0.1089,11,0.51,0.07,1.7054,0.408049,6.196257,257.2
427,0.122,11,0.37,0.11,1.9668,0.425986,6.369897,255.6
428,0.1524,12,0.34,0.02,2.6743,0.462983,6.77543,252.9
429,0.1319,11,0.29,0.01,2.9908,0.442314,6.51471,249.4
430,0.1005,11,0.2,0.02,2.019,0.39409,6.072737,261.4
431,0.1147,11,0.07,0.06,1.4983,0.413455,6.26303,257.5
432,0.169,12,0.29,0.07,1.1458,0.482209,6.996347,248.4
433,0.1847,12,0.4,0.07,1.472,0.509733,7.240817,243.6
434,0.0262,10,0.15,0.01,2.4992,0.314627,5.18676,277.5
436,0.1583,12,0.29,0.01,1.7834,0.46855,6.84304,251.2
437,0.0368,10,0.2,0,1.4697,0.32461,5.30473,275.5
438,0.0486,10,0.16,0,1.8876,0.33631,5.439,272.8
439,0.0373,10,0.18,0.05,1.9698,0.325737,5.312843,275.3
440,0.0285,10,0.2,0.01,2.4846,0.317064,5.213297,277.5
441,0.027,10,0.17,0.05,1.7859,0.315125,5.19463,277.6
442,0.0108,10,0.14,0,1.6562,0.299874,5.01657,280.9
444,0.0249,10,0.2,0.03,1.4577,0.313116,5.171283,278.4
445,0.0457,10,0.22,0.01,2.9444,0.334522,5.409713,273.5
446,0.0912,11,0.27,0.01,2.1315,0.385957,5.964827,263.2
447,0.06,11,0.14,0,1.8661,0.349811,5.58056,270.2
449,0.0664,11,0.01,0.14,2.7504,0.35459,5.64526,268.4
450,0.0503,11,0.26,0.03,1.7322,0.339869,5.46766,273.2
452,0.0789,11,0.14,0.06,1.0344,0.36926,5.797177,267.6
453,0.1541,12,0.34,0.02,1.3041,0.460683,6.78036,249.4
454,0.1132,11,0.25,0.05,1.8042,0.409426,6.238457,257
455,0.1818,12,0.35,0.04,2.4203,0.513112,7.22533,238.6
457,0.1901,12,0.21,0.08,2.1955,0.534368,7.3871,248.7
459,0.0678,11,0.16,0,2.9935,0.359667,5.675173,267
460,0.1169,11,0.32,0.01,1.2744,0.415045,6.28326,256
461,0.1337,11,0.23,0.04,1.1141,0.433439,6.501513,254
462,0.0125,10,0.11,0.01,2.9471,0.301657,5.0356,281
463,0.0659,11,0.22,0.02,1.8599,0.356188,5.651703,269.7
464,0.1869,12,0.34,0.04,1.7769,0.50603,7.245157,244.8
465,0.1407,11,0.3,0,2.3385,0.447458,6.609313,253.6
468,0.0995,11,0.24,0.02,1.6641,0.393897,6.065217,263.3
469,0.1392,11,0.22,0.17,2.8762,0.446492,6.599633,254.7
471,0.089,11,0.24,0.04,2.7375,0.382377,5.934037,263.6
472,0.0686,11,0.34,0.03,2.1053,0.358761,5.68132,269
473,0.1683,12,0.34,0.06,0.9925,0.481946,6.978093,237.5
474,0.1473,11,0.03,0.2,1.4521,0.467245,6.712713,254.5
475,0.021,10,0.16,0.01,2.3454,0.309712,5.129513,278.7
476,0.1873,12,0.55,0.05,2.8394,0.524839,7.30273,245.5
477,0.1414,11,0.28,0.01,2.5414,0.453963,6.636793,249.1
478,0.1917,12,0.33,0.02,1.554,0.525874,7.359333,243.6
479,0.0119,10,0.17,0.01,2.0123,0.30095,5.028623,281
481,0.1939,12,0.34,0.02,1.8508,0.521928,7.374043,243.2
482,0.0945,11,0.27,0.01,2.2186,0.387624,5.9984,263.2
483,0.0525,11,0.34,0.04,1.0753,0.340782,5.487077,271.8
484,0.1618,12,0.19,0.03,2.8323,0.48737,6.944227,243.6
486,0.0801,11,0.14,0.01,2.629,0.379042,5.848393,265.3
487,0.0596,11,0.11,0,2.9577,0.348949,5.57156,270.5
488,0.1246,11,0.32,0.01,1.2769,0.424837,6.38323,257
489,0.0334,10,0.16,0.02,2.1261,0.321337,5.26644,276.7
490,0.0966,11,0.15,0.07,2.9586,0.392975,6.028273,262.1
491,0.1912,12,0.19,0.02,1.1363,0.525648,7.350257,242.4
492,0.1166,11,0.35,0.05,1.4728,0.416152,6.291443,261.4
494,0.1375,11,0.31,0.08,1.7465,0.438886,6.55595,251.6
495,0.0723,11,0.26,0.03,1.5397,0.368514,5.74007,268.6
496,0.1219,11,0.32,0.02,2.7655,0.41968,6.346003,255.9
497,0.1523,12,0.32,0.08,2.213,0.459953,6.76224,249.8
498,0.1004,11,0.26,0.05,1.4886,0.398288,6.086803,256.1
499,0.1691,12,0.4,0.02,1.0072,0.486851,7.008777,247.9
500,0.189,12,0.38,0.04,1.4717,0.511286,7.28194,244.6
501,0.1945,12,0.33,0.02,2.7571,0.539292,7.424147,247.2
503,0.0449,10,0.2,0.01,1.7082,0.332406,5.396003,273.9
505,0.0374,10,0.23,0.02,1.1433,0.325273,5.31172,275.4
507,0.1708,12,0.3,0.01,1.8574,0.506557,7.066337,245.5
508,0.0687,11,0.25,0.03,2.5368,0.358281,5.679747,268.5
510,0.015,10,0.1,0.03,2.951,0.30399,5.0628,279.8
513,0.0454,10,0.24,0.01,2.4076,0.33432,5.40717,273.6
514,0.0911,11,0.27,0.03,2.0439,0.382081,5.948227,264.5
517,0.141,11,0.32,0,2.1209,0.450034,6.623733,248.9
518,0.1694,12,0.29,0.06,2.4149,0.488036,7.019883,245.8
519,0.0266,10,0.19,0.01,1.2281,0.315153,5.1903,277.5
520,0.0621,11,0.34,0.03,2.9482,0.350274,5.59538,271.1
521,0.1239,11,0.22,0.06,1.1218,0.422856,6.379547,257.3
522,0.1666,12,0.31,0.02,1.4841,0.476343,6.948797,252.1
526,0.1701,12,0.3,0,2.7491,0.505077,7.067283,244.9
528,0.1822,12,0.62,0.07,2.0772,0.501481,7.180327,244.8
529,0.0497,10,0.19,0.02,2.4165,0.338841,5.45686,273
531,0.0179,10,0.14,0.02,1.6527,0.306541,5.09438,279.9
534,0.1711,12,0.19,0.26,1.2119,0.478547,6.99568,239.3
535,0.0238,10,0.16,0,2.4384,0.312478,5.16091,278.7
537,0.0691,11,0.16,0.01,1.9712,0.357839,5.680527,269.4
538,0.1126,11,0.24,0,1.7929,0.415602,6.251697,261.6
539,0.1211,11,0.24,0.01,1.6057,0.422441,6.35321,254.6
540,0.1419,11,0.22,0.06,2.7246,0.449539,6.63391,255
546,0.1821,12,0.3,0.03,1.9732,0.509495,7.20021,243.3
547,0.1965,12,0.27,0.02,2.7602,0.539788,7.440427,241.4
548,0.081,11,0.27,0.02,1.5472,0.369693,5.821207,261.8
549,0.1113,11,0.33,0.03,2.6099,0.411326,6.222573,255.8
551,0.0846,11,0.17,0.01,1.0558,0.373613,5.863807,265.6
552,0.1397,11,0.39,0.03,1.2155,0.438983,6.57158,257.1
554,0.0884,11,0.29,0.04,1.4684,0.37906,5.916993,264.3
556,0.0105,10,0.14,0,1.5924,0.299544,5.01302,281
557,0.1971,12,0.32,0.01,1.6569,0.527236,7.421467,238.7
558,0.1676,12,0.32,0.02,1.8329,0.493652,7.019887,245.2
559,0.0151,10,0.27,0.03,1.0088,0.303526,5.061193,279.8
562,0.1361,11,0.33,0.02,1.4705,0.439516,6.539067,253.9
563,0.1573,12,0.12,0,1.0473,0.467299,6.824517,252.4
564,0.039,10,0.2,0.01,2.3766,0.327102,5.33062,275.4
567,0.1562,12,0.32,0.01,1.1995,0.472337,6.82488,251.1
568,0.0389,10,0.15,0,2.3725,0.327267,5.330997,274.7
571,0.0546,11,0.2,0.01,1.8578,0.343389,5.512993,271.2
572,0.2386,12,0.23,0.04,2.535,0.614025,8.121777,233.7
577,0.052,11,0.2,0.01,2.994,0.341851,5.484303,271.4
578,0.1836,12,0.35,0.05,2.5372,0.51224,7.234293,244.4
579,0.0618,11,0.15,0.05,1.081,0.349704,5.592763,269.6
581,0.0142,10,0.08,0,2.4284,0.303466,5.055577,279.8
582,0.1991,12,0.25,0,2.6568,0.544403,7.502433,238.1
583,0.2458,12,0.17,0.13,1.7458,0.605389,8.167533,232
584,0.1269,11,0.35,0.03,2.9841,0.427898,6.419163,253.4
585,0.2364,12,0.49,0.05,1.0843,0.59095,8.02973,234.7
587,0.0642,11,0.05,0.06,1.2724,0.350203,5.61056,270.7
589,0.2156,12,0.32,0.02,2.1999,0.557324,7.693443,238.4
590,0.2343,12,0.23,0,1.6289,0.602966,8.02318,226.1
592,0.1002,11,0.19,0.05,2.0695,0.396936,6.07775,263.6
593,0.2443,12,0.56,0.09,1.5821,0.619857,8.183207,229.8
595,0.2517,13,0.46,0.07,2.2708,0.6446,8.35505,223.9
597,0.0551,11,0.23,0.01,2.7487,0.343967,5.51833,269.7
598,0.0759,11,0.27,0.01,1.8654,0.367625,5.77428,266.1
600,0.2433,12,0.33,0.03,1.3368,0.613245,8.16242,232
603,0.2311,12,0.41,0.03,1.7617,0.607184,8.027557,234.2
604,0.0796,11,0.21,0.05,1.5061,0.370542,5.815203,267.6
605,0.0376,10,0.27,0.02,1.7925,0.325346,5.313893,275.4
606,0.018,10,0.12,0.01,2.5001,0.306864,5.096273,279.8
608,0.0779,11,0.29,0.11,1.2098,0.365519,5.779437,266.6
610,0.0424,10,0.19,0,2.6836,0.331025,5.372,273.9
611,0.2158,12,0.26,0.1,1.3781,0.564118,7.734957,236.2
614,0.0355,10,0.11,0.04,1.5931,0.323097,5.289073,275.8
615,0.2346,12,0.58,0.17,1.2418,0.587353,7.999453,230.1
616,0.2939,13,0.24,0.02,2.5272,0.735182,9.10999,218.7
617,0.0626,11,0.25,0.02,1.1173,0.349452,5.59791,270.7
620,0.0809,11,0.25,0,1.7735,0.370228,5.822573,267.4
622,0.2735,13,0.48,0.08,0.6057,0.687375,8.84725,224.4
623,0.0825,11,0.11,0.06,2.8043,0.372505,5.84072,263.3
624,0.1592,12,0.25,0.09,2.4146,0.477483,6.87787,249.3
626,0.2778,13,0.24,0.03,1.2917,0.673104,8.733373,227.5
629,0.2873,13,0.44,0.05,2.2379,0.730659,9.012967,220.5
631,0.0831,11,0.23,0,2.2983,0.374642,5.856143,266.2
632,0.2175,12,0.51,0.1,2.5811,0.57604,7.779067,235.8
634,0.0702,11,0.25,0.01,1.3936,0.360377,5.696547,268
635,0.2714,13,0.32,0.04,2.7012,0.682991,8.693117,209.9
636,0.076,11,0.21,0.02,2.9915,0.368904,5.773823,266.1
640,0.1155,11,0.27,0.07,2.7811,0.414608,6.271973,250.1
641,0.0591,11,0.29,0.02,2.1495,0.347919,5.56502,270.7
642,0.121,11,0.18,0.05,1.5739,0.42163,6.34888,257.8
644,0.2731,13,0.1,0.34,1.5118,0.646863,8.605873,222.5
649,0.2605,13,0.25,0.07,1.9674,0.689015,8.54373,226.4
651,0.1816,12,0.53,0.05,1.3142,0.513635,7.205077,241.9
655,0.1506,12,0.1,0.16,2.9886,0.458147,6.729427,244.8
658,0.0365,10,0.12,0.03,1.7826,0.324779,5.303787,275.6
660,0.1064,11,0.2,0,1.6596,0.399647,6.139553,258.4
662,0.1678,12,0.65,0.08,1.2615,0.50025,7.015487,244.2
663,0.0205,10,0.04,0.03,2.4081,0.309208,5.123427,279.9
664,0.2579,13,0.27,0.07,1.6868,0.636988,8.393773,231.1
668,0.2612,13,0.24,0.03,2.9518,0.666379,8.524883,226.1
669,0.1612,12,0.22,0.05,2.1241,0.47906,6.912357,247.8
671,0.0753,11,0.26,0.01,1.2523,0.363346,5.75086,267.7
673,0.2023,12,0.23,0.05,1.9356,0.539381,7.51991,236.6
674,0.0691,11,0.23,0.02,2.2893,0.357729,5.67947,268.4
677,0.1535,12,0.36,0.09,1.6147,0.463418,6.787217,248.9
678,0.1125,11,0.31,0.02,2.121,0.413311,6.24911,259.8
681,0.1093,11,0.13,0.03,2.9443,0.405292,6.187127,259.5
682,0.2927,13,0.37,0.02,1.2609,0.712169,9.01384,224.6
683,0.2867,13,0.28,0.05,1.7411,0.704556,8.927877,222.7
684,0.1412,11,0.3,0.02,2.0506,0.445215,6.606973,250.5
687,0.1282,11,0.31,0.01,1.177,0.426078,6.42576,253.8
690,0.1084,11,0.38,0.04,2.271,0.407583,6.1905,258.6
691,0.1113,11,0.22,0.01,1.1305,0.404089,6.20058,259.1
694,0.1204,11,0.26,0.01,1.2762,0.419178,6.3289,257
696,0.0681,11,0.2,0.03,1.5401,0.357036,5.671873,269.5
703,0.1524,12,0.34,0.02,2.6743,0.461226,6.76349,251.2
706,0.2667,13,0.37,0.03,1.5622,0.655448,8.551217,226.3
707,0.1005,11,0.2,0.02,2.019,0.395298,6.078527,262
710,0.169,12,0.29,0.07,1.1458,0.479065,6.982867,247.6
711,0.1847,12,0.4,0.07,1.472,0.507915,7.223803,244.4
712,0.0262,10,0.15,0.01,2.4992,0.31468,5.186857,277.5
713,0.2613,13,0.37,0.02,1.6559,0.640964,8.44962,224.9
715,0.2102,12,0.2,0.07,2.4361,0.558701,7.630473,239.8
718,0.2207,12,0.36,0.04,2.2138,0.582779,7.840907,236.2
719,0.1583,12,0.29,0.01,1.7834,0.472002,6.86492,248.3
720,0.0368,10,0.2,0,1.4697,0.324346,5.30343,276.4
721,0.2212,12,0.32,0.02,1.6544,0.572843,7.805193,234.8
723,0.0373,10,0.18,0.05,1.9698,0.326129,5.31532,275.2
726,0.0108,10,0.14,0,1.6562,0.300035,5.01735,281
731,0.0912,11,0.27,0.01,2.1315,0.383693,5.957363,264.7
734,0.0664,11,0.01,0.14,2.7504,0.357394,5.654307,270.7
735,0.2664,13,0.25,0,1.4042,0.64962,8.525353,230.2
740,0.1541,12,0.34,0.02,1.3041,0.459469,6.776967,253.4
742,0.2056,12,0.29,0.02,2.7724,0.559778,7.596427,237.2
743,0.1818,12,0.35,0.04,2.4203,0.50897,7.209407,234.4
746,0.2041,12,0.43,0.03,1.1324,0.539751,7.528583,238.9
749,0.263,13,0.37,0.02,2.948,0.667474,8.5421,231.8
753,0.2644,13,0.33,0.04,1.1806,0.658455,8.525697,229.2
757,0.0125,10,0.11,0.01,2.9471,0.301582,5.035193,281
759,0.2475,12,0.42,0.02,1.1293,0.605396,8.1815,233.9
761,0.2443,12,0.16,0.05,2.9055,0.663679,8.287253,226.2
762,0.1869,12,0.34,0.04,1.7769,0.515894,7.28548,241.9
763,0.1407,11,0.3,0,2.3385,0.453231,6.628267,251
768,0.2466,12,0.28,0.03,2.8615,0.616204,8.20919,234.8
770,0.2451,12,0.42,0.04,2.3093,0.613767,8.196317,228.1
771,0.1392,11,0.22,0.17,2.8762,0.449661,6.59053,255.1
772,0.2858,13,0.45,0.04,1.0971,0.684606,8.865027,227.4
774,0.2601,13,0.31,0.01,2.0126,0.652032,8.461107,227.5
775,0.089,11,0.24,0.04,2.7375,0.382063,5.932067,262.8
776,0.2902,13,0.42,0.03,2.3062,0.730601,9.01731,221.4
778,0.2495,12,0.2,0.24,1.5858,0.611632,8.233793,233.7
783,0.2034,12,0.21,0,2.6446,0.54767,7.54987,241.5
784,0.1873,12,0.55,0.05,2.8394,0.53548,7.33095,243.2
787,0.0119,10,0.17,0.01,2.0123,0.301061,5.029233,281
788,0.2888,13,0.44,0.21,2.9207,0.746092,9.026643,220.4
794,0.1618,12,0.19,0.03,2.8323,0.48855,6.940867,243.3
796,0.0801,11,0.14,0.01,2.629,0.374599,5.831257,263.4
798,0.2859,13,0.35,0.01,2.4311,0.728369,8.974407,216.6
799,0.1246,11,0.32,0.01,1.2769,0.41926,6.365643,258.6
800,0.0334,10,0.16,0.02,2.1261,0.321652,5.267643,276.6
805,0.1375,11,0.31,0.08,1.7465,0.436684,6.543837,254.9
807,0.1219,11,0.32,0.02,2.7655,0.426402,6.368323,256.4
810,0.2478,12,0.28,0.08,2.7253,0.669646,8.348373,227.4
812,0.2441,12,0.39,0.02,2.1728,0.625051,8.202147,229.2
813,0.2006,12,0.3,0.02,1.3537,0.556424,7.53097,236.8
815,0.1691,12,0.4,0.02,1.0072,0.484835,7.002117,251.2
817,0.2933,13,0.31,0.05,1.6188,0.745346,9.068717,217.2
818,0.2101,12,0.41,0.07,2.2926,0.559328,7.647697,241.3
822,0.0449,10,0.2,0.01,1.7082,0.333658,5.40158,273.9
824,0.2465,12,0.31,0.02,2.1874,0.628497,8.249507,231.1
825,0.0374,10,0.23,0.02,1.1433,0.325032,5.310783,275.8
827,0.1708,12,0.3,0.01,1.8574,0.507317,7.062423,237.9
829,0.2901,13,0.36,0.02,2.4924,0.717362,9.006053,210.5
832,0.015,10,0.1,0.03,2.951,0.303943,5.062487,279.8
839,0.141,11,0.32,0,2.1209,0.449042,6.627677,250
840,0.1694,12,0.29,0.06,2.4149,0.483969,7.002573,246.9
843,0.1239,11,0.22,0.06,1.1218,0.421951,6.37399,256.6
844,0.1666,12,0.31,0.02,1.4841,0.484847,6.973807,246.8
845,0.2423,12,0.39,0.05,1.937,0.624934,8.164607,219
846,0.2581,13,0.44,0.06,2.2437,0.652105,8.438333,231.7
852,0.1701,12,0.3,0,2.7491,0.500589,7.062953,239.4
853,0.2737,13,0.34,0.06,2.7839,0.662939,8.656143,221.2
854,0.2905,13,0.38,0.02,2.0751,0.702598,8.996463,228.7
857,0.2475,12,0.25,0.47,1.9764,0.604276,8.187287,233
859,0.1502,12,0.18,0.1,1.999,0.460162,6.736393,250.9
862,0.2517,13,0.26,0.02,2.5013,0.639646,8.34454,227
863,0.2046,12,0.05,0.35,2.9494,0.538024,7.522413,229
867,0.1711,12,0.19,0.26,1.2119,0.487774,7.03647,246.3
869,0.2085,12,0.26,0.01,2.073,0.559285,7.627983,234.7
870,0.2635,13,0.43,0.02,1.7168,0.63603,8.46526,230.4
875,0.2061,12,0.44,0.06,2.779,0.544974,7.56195,239.6
882,0.2608,13,0.34,0.08,1.3181,0.648783,8.451787,224.4
887,0.1965,12,0.27,0.02,2.7602,0.52956,7.415143,237.6
888,0.081,11,0.27,0.02,1.5472,0.372144,5.8329,265.8
891,0.0846,11,0.17,0.01,1.0558,0.375272,5.872233,265.6
892,0.2166,12,0.52,0.05,1.3383,0.559216,7.70762,238
893,0.1397,11,0.39,0.03,1.2155,0.441152,6.582177,249.9
895,0.0884,11,0.29,0.04,1.4684,0.377973,5.91248,262.9
897,0.0105,10,0.14,0,1.5924,0.299537,5.012947,280.9
899,0.1971,12,0.32,0.01,1.6569,0.528801,7.42817,240.6
901,0.1676,12,0.32,0.02,1.8329,0.485357,6.992813,245.5
903,0.2926,13,0.36,0,2.4107,0.754391,9.12003,215.9
906,0.1361,11,0.33,0.02,1.4705,0.437944,6.53241,245.9
907,0.1573,12,0.12,0,1.0473,0.462765,6.8121,250
908,0.039,10,0.2,0.01,2.3766,0.327052,5.330213,275.3
918,0.2551,13,0.35,0,1.8225,0.630805,8.364633,231.7
919,0.2551,13,0.28,0.14,1.3528,0.623173,8.30801,228.1
920,0.2552,13,0.22,0.15,1.4727,0.656888,8.41687,226.3
921,0.2069,12,0.06,0.3,1.3294,0.550337,7.600793,247.5
922,0.2553,13,0.36,0.02,2.6548,0.644525,8.39285,232.7
924,0.2559,13,0.3,0,2.8172,0.701989,8.530177,228.8
925,0.2561,13,0.35,0.09,2.4663,0.677505,8.4766,227.4
926,0.257,13,0.39,0.02,1.7422,0.639361,8.388373,229.5
928,0.257,13,0.43,0.02,1.0332,0.645453,8.404693,229.1
930,0.2572,13,0.31,0.01,2.9067,0.634042,8.38926,233
931,0.2573,13,0.31,0.03,1.925,0.632666,8.387247,232.4
932,0.201,12,0.25,0.07,2.9771,0.542628,7.50074,235.2
933,0.2072,12,0.29,0.01,2.2442,0.564905,7.621387,235.5
934,0.2573,13,0.31,0.03,1.925,0.657706,8.438583,223.2
936,0.2585,13,0.33,0.01,2.0268,0.664507,8.480757,227
937,0.2579,13,0.38,0.03,2.1965,0.635599,8.39354,222.6
938,0.2592,13,0.24,0.36,1.7696,0.63945,8.436703,232
939,0.2597,13,0.6,0.06,1.6269,0.638501,8.428183,232.1
941,0.2601,13,0.28,0.01,1.9335,0.647067,8.462343,233.2
942,0.2606,13,0.33,0.03,1.0323,0.642082,8.437143,216.6
943,0.2609,13,0.44,0.04,2.5176,0.642203,8.452743,223.8
944,0.2073,12,0.15,0.1,2.1625,0.555199,7.62306,242.8
945,0.2609,13,0.43,0.05,2.6013,0.661465,8.50614,230
946,0.2611,13,0.07,0.22,1.1779,0.657207,8.471743,223.8
948,0.2621,13,0.23,0.06,1.7502,0.679722,8.548247,230
950,0.2601,13,0.28,0.01,1.9335,0.636423,8.43322,227.6
952,0.2639,13,0.45,0.03,1.5105,0.640478,8.46902,230
953,0.263,13,0.33,0.04,2.8873,0.665408,8.557193,223.4
955,0.2075,12,0.41,0.03,1.9336,0.544271,7.577883,237
956,0.264,13,0.28,0,2.8265,0.692756,8.623173,221.1
957,0.2641,13,0.18,0.01,1.0096,0.65296,8.52161,222.1
958,0.2642,13,0.35,0.06,2.7274,0.667249,8.568267,226
959,0.264,13,0.37,0.03,1.6894,0.642343,8.49167,226.9
960,0.2646,13,0.37,0.02,1.2066,0.668657,8.569347,229.3
961,0.2651,13,0.24,0.03,2.7223,0.659183,8.539353,232.3
962,0.2652,13,0.3,0.09,1.4462,0.652292,8.545347,231.4
963,0.2656,13,0.24,0.07,1.9101,0.645863,8.506953,228.6
964,0.2657,13,0.31,0,2.6632,0.654,8.543843,229.6
966,0.2076,12,0.44,0.04,1.6754,0.546956,7.58098,236.8
967,0.2662,13,0.23,0.05,2.7465,0.656069,8.541077,228.3
968,0.2643,13,0.26,0.09,1.9882,0.670906,8.589723,224.6
969,0.2667,13,0.39,0.01,1.6201,0.642647,8.516687,223.2
970,0.2671,13,0.33,0.05,1.1185,0.657908,8.574903,229.6
973,0.2657,13,0.31,0,2.6632,0.658415,8.54781,227
974,0.2701,13,0.33,0.07,1.2875,0.642372,8.556833,224.6
977,0.2082,12,0.33,0.04,1.6268,0.545142,7.591883,241.2
978,0.2087,12,0.37,0.03,1.5831,0.541585,7.583363,241.9
979,0.2091,12,0.26,0.01,2.6483,0.55197,7.59472,237.2
982,0.2016,12,0.17,0.09,1.2564,0.542875,7.51535,244.8
983,0.2101,12,0.31,0,1.8096,0.550441,7.62343,240.6
984,0.2106,12,0.24,0.11,2.523,0.555687,7.64437,235.4
987,0.2118,12,0.37,0.03,1.9436,0.565812,7.680933,239.2
988,0.212,12,0.24,0.14,1.5526,0.542974,7.621777,235.4
1001,0.2149,12,0.36,0.09,0.9159,0.550877,7.66896,250
1002,0.215,12,0.33,0.05,1.0774,0.557026,7.683093,240.5
1003,0.2152,12,0.15,0.02,2.2422,0.573138,7.7473,236.8
1004,0.2021,12,0.45,0.05,2.188,0.544604,7.510867,241.1
1005,0.216,12,0.4,0.05,2.2268,0.567682,7.73713,237.8
1006,0.2161,12,0.23,0.05,2.5967,0.552425,7.689553,240.9
1007,0.2161,12,0.15,0.01,1.4465,0.563507,7.721423,236.7
1008,0.2164,12,0.44,0.03,1.6203,0.557247,7.71505,235.2
1009,0.2164,12,0.14,0.04,2.3378,0.562232,7.72507,237.6
1010,0.2165,12,0.3,0.02,2.8616,0.594455,7.787243,234.1
1011,0.2179,12,0.32,0.04,1.9912,0.565326,7.758537,239.9
1012,0.218,12,0.24,0.02,2.5422,0.581038,7.780463,230
1013,0.218,12,0.35,0.04,2.8926,0.584922,7.820267,236.8
1014,0.2181,12,0.29,0.02,1.0814,0.568225,7.77837,232.6
1015,0.2021,12,0.33,0,2.6271,0.548406,7.543403,239.6
1016,0.2182,12,0.39,0.02,1.6565,0.55382,7.71948,240
1017,0.2189,12,0.34,0.02,1.9675,0.564645,7.755187,233.9
1018,0.2193,12,0.35,0,1.6167,0.589448,7.842843,232.7
1019,0.2193,12,0.43,0.02,1.0856,0.558375,7.74362,238.5
1020,0.2198,12,0.39,0.02,2.5906,0.565873,7.775183,236.8
1022,0.2203,12,0.32,0.02,2.1209,0.585568,7.82005,236.2
1023,0.2204,12,0.31,0.05,2.966,0.578903,7.812833,235.5
1024,0.2206,12,0.31,0.07,1.6681,0.615832,7.869103,232.4
1025,0.2207,12,0.35,0.01,1.6004,0.574942,7.807213,237.6
1026,0.2024,12,0.37,0,1.6277,0.54099,7.51701,239.6
1027,0.2209,12,0.3,0.03,2.5663,0.572027,7.805967,236.8
1028,0.2209,12,0.35,0.01,1.1677,0.567251,7.78952,232.6
1029,0.221,12,0.27,0.08,2.0682,0.604137,7.865553,236.2
1030,0.221,12,0.13,0.03,2.0473,0.568565,7.79956,238
1032,0.2216,12,0.26,0.01,2.8204,0.574631,7.81511,237.4
1033,0.2219,12,0.38,0.01,1.8983,0.568082,7.801017,239.8
1034,0.2221,12,0.44,0.03,1.2578,0.578209,7.821957,239.7
1035,0.2224,12,0.28,0,2.9685,0.587475,7.864583,234.6
1036,0.2226,12,0.64,0.07,1.4694,0.574904,7.829473,238.2
1037,0.204,12,0.17,0.07,1.9733,0.534875,7.514867,236
1038,0.2228,12,0.33,0.02,2.689,0.575396,7.841967,226.2
1039,0.2238,12,0.39,0.04,1.905,0.581088,7.84816,238.5
1040,0.2238,12,0.34,0.01,2.9491,0.609195,7.910637,227.9
1041,0.224,12,0.27,0.07,1.6696,0.581471,7.85985,241.8
1042,0.2241,12,0.11,0.03,2.5659,0.588729,7.90776,237.1
1043,0.2241,12,0.26,0.04,1.5745,0.580974,7.85312,237.9
1044,0.2242,12,0.44,0.05,1.0417,0.566243,7.81765,239.5
1047,0.2253,12,0.24,0,2.9185,0.607921,7.937817,230.7
1048,0.2043,12,0.49,0.06,1.6665,0.537736,7.525807,239.2
1049,0.2254,12,0.33,0.02,1.3263,0.588214,7.890497,240.1
1050,0.2259,12,0.46,0.04,2.2696,0.580944,7.892233,238.2
1051,0.2271,12,0.59,0.06,1.3204,0.57397,7.85432,236.8
1053,0.2273,12,0.34,0.01,2.0503,0.62098,7.986353,226.7
1054,0.2277,12,0.46,0.04,2.6211,0.580581,7.90612,233.5
1055,0.2279,12,0.38,0.04,1.3823,0.577661,7.880813,236.8
1056,0.2281,12,0.27,0.05,2.4476,0.576094,7.898723,237.2
1057,0.2283,12,0.35,0.05,2.1686,0.58532,7.909733,236.6
1058,0.2284,12,0.38,0,1.4386,0.575037,7.873903,236.8
1060,0.205,12,0.34,0.01,2.1586,0.548497,7.573597,242.4
1062,0.2293,12,0.36,0.12,0.9508,0.581271,7.925717,250
1063,0.2294,12,0.3,0,2.9811,0.592866,7.947757,239.7
1064,0.2295,12,0.29,0.05,2.8317,0.63358,8.062513,236.8
1066,0.2297,12,0.28,0.06,2.1921,0.577851,7.914113,233.9
1067,0.2298,12,0.27,0.03,2.014,0.600673,7.984057,229.8
1069,0.23,12,0.4,0.03,2.9747,0.602272,7.99803,233.8
1070,0.2307,12,0.28,0.02,2.9987,0.599518,7.97548,237.2
1071,0.2052,12,0.25,0.03,2.7289,0.547895,7.565403,240.4
1074,0.2314,12,0.48,0.07,1.6526,0.598922,7.990413,233.9
1075,0.2317,12,0.48,0.05,1.6036,0.577856,7.921647,234.8
1076,0.232,12,0.33,0.02,1.1177,0.578646,7.933837,234.8
1078,0.2326,12,0.31,0,1.5143,0.587967,7.964597,237.2
1079,0.2347,12,0.43,0.02,1.4691,0.596625,8.019553,237.2
1081,0.2353,12,0.29,0.08,1.7752,0.613042,8.087137,233.8
1082,0.2056,12,0.33,0.06,2.4813,0.548648,7.57703,238.9
1083,0.2357,12,0.33,0.01,2.2638,0.585123,8.001823,235.6
1084,0.2358,12,0.34,0,2.6753,0.587947,7.996407,234.4
1085,0.236,12,0.46,0.03,1.5474,0.590645,8.01991,236.2
1086,0.2362,12,0.34,0.01,2.4478,0.629307,8.110443,229.2
1087,0.2362,12,0.5,0.08,2.242,0.604558,8.06698,233.7
1088,0.2362,12,0.4,0.01,1.895,0.594131,8.040013,236.8
1089,0.2381,12,0.33,0.01,1.5629,0.590331,7.981977,238.5
1090,0.2387,12,0.28,0.03,2.9256,0.643155,8.195,230.7
1091,0.2388,12,0.36,0.04,2.0734,0.633148,8.152107,232.4
1092,0.2391,12,0.35,0.01,2.2874,0.623653,8.13312,233.9
1098,0.2416,12,0.31,0.1,2.0789,0.628851,8.209303,230
1101,0.2412,12,0.14,0.08,2.0555,0.631062,8.206243,230.3
1102,0.2415,12,0.37,0.01,2.4933,0.606265,8.129073,230.2
1103,0.2416,12,0.37,0.02,1.1773,0.584618,8.050063,236.9
1105,0.2422,12,0.35,0.06,2.7068,0.61818,8.163247,237.4
1106,0.2421,12,0.43,0,1.0341,0.616457,8.174487,223.8
1107,0.2422,12,0.32,0.07,2.5535,0.639723,8.193693,229.4
1108,0.2461,12,0.31,0.01,2.5536,0.620082,8.23233,230.4
1109,0.2429,12,0.29,0.08,2.301,0.606233,8.151917,233.9
1110,0.2432,12,0.26,0.05,1.0762,0.607101,8.122567,231.5
1111,0.2435,12,0.35,0.13,1.0679,0.595825,8.114527,230.8
1112,0.2437,12,0.35,0.32,2.2309,0.611953,8.167133,234.6
1113,0.2437,12,0.38,0.02,2.7681,0.609098,8.166913,225.2
1114,0.244,12,0.16,0.43,1.4736,0.598425,8.1261,232.8
1115,0.2058,12,0.04,0.16,1.2183,0.547398,7.56322,244.9
1116,0.2442,12,0.35,0.02,2.0201,0.620962,8.197327,217.8
1118,0.2449,12,0.36,0,2.048,0.614151,8.20475,227.5
1119,0.2449,12,0.38,0.02,2.6012,0.615477,8.19373,228.8
1120,0.2453,12,0.13,0.3,1.4068,0.608369,8.181803,237.2
1121,0.2456,12,0.33,0.01,2.8186,0.634206,8.2483,231.4
1123,0.2461,12,0.35,0.09,2.4004,0.628056,8.239627,229.8
1124,0.2461,12,0.31,0.01,2.5536,0.60735,8.16572,233.8
1125,0.2467,12,0.34,0.01,1.8659,0.636522,8.26636,224
1126,0.206,12,0.36,0.01,1.528,0.536011,7.53679,238.7
1128,0.2488,12,0.38,0.01,1.1746,0.635527,8.283013,222.1
1129,0.2489,12,0.37,0.02,2.9279,0.654988,8.343527,221.8
1130,0.2489,12,0.3,0.18,1.9568,0.64169,8.33472,229.5
1131,0.2492,12,0.32,0.03,2.7008,0.646047,8.338153,222
1133,0.2498,12,0.44,0.06,1.3005,0.608173,8.218067,225.8
1134,0.2501,13,0.36,0.01,1.8902,0.630585,8.294283,233.7
1136,0.2505,13,0.22,0.01,1.5388,0.621132,8.278823,225.1
1137,0.2068,12,0.3,0.01,1.1295,0.530449,7.52099,242.2
1139,0.2513,13,0.38,0.01,1.7013,0.637541,8.330773,230.6
1140,0.2515,13,0.33,0.04,2.7315,0.637597,8.322097,229.2
1143,0.2523,13,0.42,0.06,1.0278,0.63816,8.348933,225.1
1144,0.2523,13,0.77,0.1,1.8626,0.642647,8.373257,223.3
1145,0.2524,13,0.31,0.03,1.5884,0.63354,8.313567,227
1146,0.2529,13,0.42,0.04,1.5363,0.620395,8.290273,230.8
1149,0.2706,13,0.48,0.1,1.912,0.718012,8.721047,227.7
1150,0.2725,13,0.12,0.03,2.7997,0.690705,8.723307,225.2
1152,0.2732,13,0.05,0.07,2.3684,0.679719,8.70861,228.4
1153,0.2735,13,0.4,0.01,1.7634,0.684816,8.70849,219
1154,0.2735,13,0.35,0.01,2.6637,0.720199,8.782377,216.8
1155,0.2737,13,0.28,0.02,2.4993,0.678792,8.712827,226.6
1156,0.2748,13,0.21,0.01,2.5,0.691638,8.767117,228.5
1157,0.2751,13,0.39,0.03,2.9921,0.691907,8.760447,225.9
1158,0.2752,13,0.07,0.16,2.1241,0.681467,8.739893,228.2
1162,0.2757,13,0.29,0.04,2.5864,0.708203,8.78094,226.5
1163,0.2763,13,0.34,0.01,1.7647,0.664706,8.70824,228.5
1164,0.2774,13,0.31,0.02,2.8559,0.678949,8.74886,217.7
1165,0.2778,13,0.47,0.04,1.6165,0.675029,8.752017,219.4
1166,0.2779,13,0.35,0.02,2.1472,0.70139,8.828387,226.9
1167,0.2786,13,0.22,0,2.9663,0.688811,8.776363,228.9
1168,0.2787,13,0.32,0.04,2.0651,0.674502,8.75644,225.1
1169,0.2791,13,0.22,0.04,1.9003,0.691282,8.79388,223.9
1170,0.2792,13,0.48,0.04,1.1438,0.67571,8.738563,222.7
1173,0.2795,13,0.39,0.02,1.3346,0.660478,8.715193,229.2
1174,0.2795,13,0.24,0.14,1.8019,0.704991,8.855263,228.1
1175,0.2796,13,0.46,0.09,1.1801,0.656938,8.692093,228.7
1177,0.2806,13,0.27,0.07,2.0477,0.703916,8.84323,222.8
1178,0.281,13,0.17,0.14,1.9043,0.696625,8.84578,231.4
1179,0.2811,13,0.4,0.02,1.7465,0.689202,8.83758,228.8
1181,0.2812,13,0.31,0,2.3961,0.713985,8.86658,221.7
1182,0.2714,13,0.23,0.11,2.9957,0.714063,8.741903,227.8
1183,0.2814,13,0.43,0.04,1.578,0.696749,8.813257,221.5
1184,0.2817,13,0.39,0.01,2.2359,0.679824,8.784623,226.4
1185,0.2819,13,0.35,0.02,2.815,0.7131,8.885143,218.5
1186,0.2824,13,0.34,0.02,2.8782,0.735063,8.977707,218.3
1189,0.2833,13,0.37,0.04,1.0402,0.690273,8.84499,224.1
1190,0.2839,13,0.33,0.03,2.0494,0.721287,8.962583,221.6
1191,0.2841,13,0.34,0.09,2.8741,0.721642,8.935673,222
1192,0.2841,13,0.2,0.03,1.8091,0.705808,8.894817,224.4
1193,0.2722,13,0.32,0.01,2.0992,0.682659,8.67271,226.1
1195,0.2852,13,0.3,0.02,1.4162,0.684684,8.847067,228.1
1196,0.2857,13,0.36,0,1.6386,0.691319,8.884643,223.6
1197,0.286,13,0.37,0.03,2.9361,0.726322,8.95253,218.8
1198,0.2863,13,0.4,0.02,1.6926,0.685078,8.876013,226
1199,0.2865,13,0.36,0.03,2.2053,0.719556,8.966623,224.7
1200,0.2866,13,0.37,0.19,1.7369,0.69683,8.92674,219.6
1202,0.2877,13,0.35,0.01,2.8648,0.731233,9.01196,218.3
1203,0.2882,13,0.33,0.03,2.6582,0.717756,8.966323,221.2
1204,0.2723,13,0.4,0,1.2648,0.657918,8.622033,227.8
1205,0.2883,13,0.41,0.03,2.411,0.714551,8.956073,211.8
1206,0.2883,13,0.36,0.02,1.7327,0.715505,8.967,222.3
1207,0.2884,13,0.3,0,1.89,0.71896,8.970357,215.1
1208,0.2887,13,0.54,0.05,1.4221,0.686355,8.90727,223.7
1209,0.2891,13,0.34,0.01,2.2921,0.745364,9.029643,222
1210,0.2892,13,0.29,0.1,1.513,0.705569,8.950713,224.3
1212,0.2895,13,0.37,0,2.12,0.731283,9.027793,220.9
1213,0.2899,13,0.26,0.06,2.9386,0.737265,9.047567,208
1214,0.2899,13,0.41,0.01,1.0395,0.706372,8.96435,216.5
1215,0.2723,13,0.49,0.07,1.0788,0.650544,8.6057,228.9
1217,0.29,13,0.53,0.13,1.3843,0.707437,8.97736,219.1
1219,0.291,13,0.32,0.03,1.782,0.702135,8.960597,223.2
1220,0.2913,13,0.5,0.04,1.7047,0.691109,8.957963,220.2
1221,0.2914,13,0.26,0.02,1.5504,0.696946,8.962633,225
1222,0.2916,13,0.27,0.04,2.6369,0.723227,9.052233,216.2
1223,0.2923,13,0.48,0.05,1.0766,0.686868,8.942233,225.3
1224,0.2929,13,0.44,0.04,1.9719,0.736604,9.06092,222.2
1225,0.294,13,0.66,0.11,2.9535,0.779081,9.15604,214.6
1226,0.2725,13,0.33,0.11,2.047,0.668448,8.665157,229.7
1227,0.2943,13,0.54,0.06,1.9655,0.727928,9.08223,225.2
1228,0.2944,13,0.25,0.08,1.3652,0.704275,9.025287,220.1
1229,0.2948,13,0.35,0.09,2.648,0.774059,9.17132,213.4
1231,0.2955,13,0.42,0.04,2.7528,0.780531,9.198157,224.7
1232,0.2956,13,0.1,0.07,2.9071,0.728224,9.124467,228.1
1234,0.2961,13,0.48,0.04,2.3675,0.744135,9.13644,223.3
1235,0.2964,13,0.31,0.01,2.3629,0.749582,9.181097,213.6
1237,0.2725,13,0.33,0.11,2.047,0.674997,8.68989,230
1238,0.2976,13,0.28,0.05,1.3028,0.709156,9.07113,221.1
1241,0.298,13,0.41,0.02,2.388,0.714748,9.107613,218.9
1242,0.298,13,0.5,0.08,1.1467,0.70234,9.054623,221.7
1243,0.2983,13,0.19,0.03,1.9258,0.759015,9.2063,217.2
1244,0.2991,13,0.39,0.02,1.3479,0.727954,9.119377,223.7
1245,0.2997,13,0.39,0.01,1.4874,0.724561,9.14,219.8
1247,0.0136,10,0.06,0.07,1.7371,0.302327,5.046217,279.8
1251,0.0192,10,0.34,0.05,2.8503,0.307869,5.108427,279.9
1253,0.0199,10,0.2,0.05,1.9472,0.308295,5.115487,278.7
1254,0.0201,10,0.13,0.04,1.1818,0.308059,5.11579,279.9
1255,0.0216,10,0.24,0.02,1.7313,0.30978,5.13381,278.7
1257,0.0218,10,0.14,0.01,2.6682,0.310298,5.137037,278.7
1258,0.0141,10,0.07,0.05,2.8417,0.303076,5.052663,279.8
1259,0.022,10,0.32,0.03,1.5498,0.310055,5.137897,278.7
1260,0.0222,10,0.17,0,2.023,0.310728,5.14214,278.7
1261,0.0224,10,0.13,0.01,2.4866,0.311133,5.145263,278.6
1262,0.0228,10,0.16,0.02,2.8166,0.311631,5.149797,278.6
1264,0.0231,10,0.14,0.03,1.6064,0.311506,5.152107,278.5
1265,0.0233,10,0.21,0.01,1.6519,0.311576,5.153717,278.6
1266,0.0141,10,0.09,0,2.3351,0.303022,5.052563,281
1267,0.0148,10,0.13,0.02,2.2577,0.303666,5.06024,279.8
1268,0.015,10,0.17,0.01,1.7997,0.30371,5.061833,279.8
1269,0.0151,10,0.14,0,2.137,0.3039,5.063223,279.8
1270,0.0161,10,0.13,0,2.5161,0.304923,5.074567,279.8
1271,0.0163,10,0.15,0.01,2.7783,0.305138,5.076697,279.8
1272,0.017,10,0.19,0.02,2.0364,0.305637,5.08392,279.9
1273,0.0265,10,0.24,0.02,1.9327,0.314519,5.188403,277.5
1279,0.0302,10,0.2,0.01,2.6655,0.318557,5.23142,277.1
1288,0.0432,10,0.25,0.01,2.0437,0.333127,5.385287,273.7
1289,0.0458,10,0.11,0,2.7798,0.335298,5.414853,273.2
1290,0.046,10,0.11,0.03,2.49,0.334731,5.413727,273.8
1291,0.0463,10,0.18,0,1.3289,0.333184,5.408727,274.4
1292,0.0464,10,0.17,0.04,2.3449,0.336571,5.4214,273.2
1293,0.0465,10,0.16,0,2.7733,0.335442,5.41989,273.6
1295,0.0474,10,0.22,0.02,1.4445,0.335023,5.425367,273
1298,0.0483,10,0.19,0.02,2.2144,0.337244,5.44091,273
1299,0.0437,10,0.16,0.04,1.4003,0.331025,5.381053,274
1300,0.0491,10,0.06,0.16,1.7649,0.336276,5.442557,273
1301,0.05,11,0.41,0.04,1.41,0.337573,5.45492,273.1
1302,0.0441,10,0.27,0.03,1.0273,0.33167,5.384063,274
1303,0.0442,10,0.19,0.02,1.4323,0.33192,5.388887,273.6
1305,0.0443,10,0.24,0.02,2.7645,0.333374,5.395083,274
1306,0.0449,10,0.18,0.06,0.8688,0.3317,5.393013,271.5
1307,0.0451,10,0.2,0.03,1.7807,0.333499,5.40261,273.5
1308,0.0457,10,0.29,0.03,1.374,0.333165,5.40462,273.3
1309,0.0912,11,0.27,0.01,2.3803,0.386922,5.96571,263.2
1311,0.0945,11,0.17,0.03,2.8567,0.391338,6.005407,262.1
1312,0.0948,11,0.29,0.01,1.9087,0.389842,6.007477,262.6
1313,0.0949,11,0.37,0.04,1.2935,0.384956,5.99047,262.3
1314,0.095,11,0.16,0.04,2.051,0.393614,6.02391,254.8
1315,0.0952,11,0.13,0,2.535,0.392547,6.017313,260.7
1316,0.0957,11,0.23,0.07,1.0228,0.385281,5.99662,262.1
1317,0.0957,11,0.32,0.02,1.7332,0.388886,6.01463,260
1319,0.096,11,0.21,0.04,2.7305,0.390692,6.02179,261.7
1321,0.096,11,0.3,0.03,2.2153,0.390733,6.022303,262.1
1322,0.0964,11,0.2,0.03,1.6778,0.392707,6.03213,263.4
1323,0.0967,11,0.28,0.01,2.2265,0.391851,6.027253,261
1324,0.0967,11,0.27,0.03,2.5108,0.393445,6.03086,261
1325,0.0967,11,0.29,0.01,2.7357,0.392834,6.029457,260.9
1326,0.0915,11,0.2,0.01,2.4161,0.386919,5.96821,263.1
1328,0.0929,11,0.17,0,2.3775,0.389289,5.987357,262.9
1329,0.0931,11,0.1,0.08,1.7471,0.381806,5.961733,261.8
1330,0.0935,11,0.22,0.01,1.2924,0.384902,5.97867,262.7
1332,0.0936,11,0.22,0,1.8621,0.388053,5.992157,262.6
1339,0.1065,11,0.15,0.11,2.8964,0.404119,6.15952,258
1340,0.1067,11,0.34,0.04,2.8619,0.406894,6.175263,260.3
1341,0.1068,11,0.22,0.01,1.5999,0.403031,6.162273,260.7
1343,0.1081,11,0.3,0.01,1.8095,0.408265,6.184363,260.3
1345,0.1081,11,0.44,0.05,2.9531,0.408122,6.184533,258.6
1346,0.1081,11,0.3,0.02,2.553,0.409698,6.18655,260.7
1356,0.1357,11,0.23,0.04,2.9212,0.44224,6.55102,253.2
1357,0.1357,11,0.36,0.08,1.6129,0.437741,6.53455,255.1
1360,0.1374,11,0.21,0.03,2.1561,0.439122,6.552727,253.8
1361,0.139,11,0.25,0.01,2.9349,0.445546,6.582803,253
1362,0.1399,11,0.46,0.07,1.929,0.445286,6.595993,252.6
1363,0.1399,11,0.28,0.01,2.8386,0.448699,6.59855,251.4
1365,0.1813,12,0.36,0.03,2.6877,0.517579,7.229853,242.4
1366,0.1814,12,0.31,0.01,1.7435,0.510792,7.215907,244.8
1368,0.1825,12,0.3,0.01,1.6214,0.528481,7.257713,243.1
1369,0.1826,12,0.25,0.02,2.0404,0.521955,7.243093,236.7
1371,0.1827,12,0.07,0.21,2.693,0.514865,7.241253,242.2
1373,0.1832,12,0.46,0.06,1.9766,0.517781,7.258067,239.7
1374,0.1834,12,0.3,0.05,1.6303,0.50735,7.22115,243.6
1376,0.1837,12,0.38,0.04,1.4184,0.518767,7.247577,242.8
1377,0.1838,12,0.29,0.04,1.9235,0.509684,7.231743,244.8
1378,0.1791,12,0.33,0.05,2.6828,0.514035,7.194163,242.5
1379,0.1796,12,0.29,0.02,1.8609,0.506115,7.180593,242.3
1381,0.1804,12,0.32,0.01,2.9859,0.518272,7.220823,241.9
1382,0.1807,12,0.25,0.03,2.511,0.515682,7.220237,242.5
1383,0.181,12,0.31,0,2.0375,0.510695,7.206943,241.4
1385,0.2078,12,0.19,0.02,2.176,0.573868,7.652037,239.3
1386,0.2099,12,0.33,0.01,2.9312,0.578076,7.694153,237.7
1387,0.2079,12,0.36,0.06,2.5967,0.571746,7.649257,238
1388,0.2083,12,0.34,0.03,2.5338,0.565615,7.655037,232.1
1390,0.2088,12,0.35,0.01,1.4203,0.551124,7.603243,239.6
1392,0.2093,12,0.35,0.02,2.1696,0.557813,7.643667,236.5
1393,0.2094,12,0.41,0.04,1.512,0.542916,7.581667,238.8
1395,0.2348,12,0.4,0.05,1.0671,0.588009,7.999853,233.8
1396,0.2372,12,0.29,0.01,2.9102,0.630619,8.14868,232.5
1399,0.2395,12,0.42,0.06,2.0213,0.595996,8.07865,227
1401,0.24,12,0.25,0.03,1.1709,0.604521,8.093337,232.2
1402,0.2349,12,0.41,0.02,1.4377,0.588539,7.989917,233.1
1403,0.2349,12,0.4,0.03,2.7473,0.619132,8.067,231.4
1404,0.2361,12,0.03,0.42,2.5814,0.60826,8.060027,230.3
1405,0.2361,12,0.26,0.01,2.141,0.607161,8.069627,230
1406,0.2362,12,0.38,0.02,2.3392,0.591184,8.02868,231.7
1407,0.2366,12,0.39,0.01,1.5743,0.59147,8.021893,232.3
1408,0.237,12,0.36,0.04,1.1114,0.582303,7.99663,234.7
1409,0.2372,12,0.5,0.06,1.8662,0.626658,8.12201,230.3
2027,0.1398,11,0.28,0.01,2.4549,0.447113,6.60541,252.2
2034,0.28,13,0.52,0.05,1.5767,0.677831,8.781883,222.2
2053,0.1653,12,0.34,0.02,1.6436,0.476333,6.9398,251.2
2127,0.1205,11,0.23,0.02,2.0837,0.42068,6.342797,260.3
2223,0.1203,11,0.25,0.02,2.6688,0.422959,6.349167,252.8
2256,0.1504,12,0.41,0.05,1.0489,0.459284,6.73863,251
2284,0.0305,10,0.23,0.01,1.484,0.318473,5.234143,277.6
2296,0.0301,10,0.15,0.01,2.7001,0.318683,5.23159,277.6
2340,0.012,10,0.13,0,1.3472,0.300803,5.0284,281
2357,0.2754,13,0.23,0.09,2.4784,0.69011,8.735677,217.9
2465,0.0131,10,0.21,0.02,2.0799,0.302149,5.042063,281
2472,0.2753,13,0.39,0.07,1.7902,0.681271,8.745527,225.9
2502,0.1672,12,0.38,0.01,1.0435,0.477654,6.957163,248.7
2583,0.1669,12,0.09,0.06,1.9793,0.483345,6.97859,247.4
2595,0.031,10,0.15,0,1.9806,0.320017,5.24291,276.8
2657,0.1666,12,0.24,0.01,2.5217,0.491675,6.994217,246
2684,0.0313,10,0.21,0.01,1.0396,0.318662,5.238953,277.1
2712,0.0125,10,0.14,0.01,1.1338,0.301212,5.0338,281
2716,0.2761,13,0.42,0.03,1.4883,0.663676,8.69769,225.8
2841,0.0801,11,0.27,0.03,1.711,0.375599,5.83089,263.6
2933,0.1505,12,0.09,0.03,2.6654,0.458796,6.74142,249.2
3035,0.0136,10,0.14,0,2.5957,0.302606,5.047213,281
3047,0.0817,11,0.22,0.03,1.6792,0.37439,5.845013,264.8
3122,0.2,12,0.38,0.01,1.2076,0.553067,7.519933,236.1
3479,0.0111,10,0.13,0.02,1.5302,0.300152,5.019857,280.9
3486,0.1656,12,0.39,0.04,2.0474,0.484719,6.97085,242.3
3511,0.031,10,0.11,0.05,1.4284,0.319016,5.23873,275.9
3528,0.169,12,0.34,0.01,1.9824,0.490212,7.019453,245.4
3540,0.0101,10,0.05,0.02,2.1934,0.299299,5.00909,280.9
3558,0.0807,11,0.2,0.01,2.8527,0.371914,5.8254,266.4
3565,0.0133,10,0.09,0.02,2.7178,0.302466,5.044847,281
3579,0.0115,10,0.2,0.01,2.4735,0.300683,5.02467,281
3587,0.167,12,0.17,0.05,2.7949,0.495353,7.00883,250
3616,0.1213,11,0.29,0.01,2.0785,0.425119,6.35757,255.8
3642,0.1685,12,0.25,0.09,2.1733,0.504168,7.06112,246.3
3649,0.0121,10,0.1,0,2.2902,0.301177,5.030937,281
3688,0.2768,13,0.32,0.03,1.4249,0.672034,8.710353,227.1
3773,0.1654,12,0.28,0.01,2.2051,0.483945,6.967237,246.8
3776,0.0146,10,0.16,0,1.7917,0.303539,5.05862,280.9
5177,0.0138,10,0.03,0.07,1.5563,0.302478,5.048263,279.8
5221,0.0108,10,0.16,0.01,1.0207,0.299598,5.014717,280.9
5237,0.0122,10,0.13,0.02,2.4063,0.301379,5.032513,281
5251,0.0124,10,0.1,0,2.2562,0.301519,5.03448,281
5285,0.0126,10,0.13,0.01,2.7862,0.301675,5.036163,281
5459,0.0125,10,0.14,0.02,1.0481,0.301312,5.03401,281
5641,0.0104,10,0.16,0.01,2.5738,0.299664,5.01264,280.9
5653,0.015,10,0.1,0.01,2.7404,0.303946,5.0626,279.8
6221,0.0108,10,0.16,0.01,1.0207,0.299598,5.014717,280.9
6237,0.0122,10,0.13,0.02,2.4063,0.301379,5.032513,281
6251,0.0124,10,0.1,0,2.2562,0.301519,5.03448,281
6285,0.0126,10,0.13,0.01,2.7862,0.301675,5.036163,281
6459,0.0125,10,0.14,0.02,1.0481,0.301312,5.03401,281
6641,0.0104,10,0.16,0.01,2.5738,0.299664,5.01264,280.9
6653,0.015,10,0.1,0.01,2.7404,0.303946,5.0626,279.8
